id,value
1,10.321216
2,8.867132
3,10.760554
4,11.077811
5,7.697607
6,9.034707
7,10.036272
8,9.564473
9,9.773805
10,9.333314
11,11.014394
12,11.02668
13,10.244648
14,11.179842
15,10.533213
16,9.327756
17,10.193228
18,9.031938
19,10.954825
20,9.859566
21,9.959471
22,9.248638
23,11.357101
24,9.873595
25,9.664184
