id,value
1,10.304717
2,8.960016
3,10.750451
4,10.940565
5,8.048965
6,8.69782
7,10.12784
8,9.683757
9,9.983199
10,9.146956
