id,value
1,10.304717
2,8.960016
3,10.750451
4,10.940565
5,8.048965
6,8.69782
7,10.12784
8,9.683757
9,9.983199
10,9.146956
11,10.879398
12,10.777792
13,10.066031
14,11.127241
15,10.467509
16,9.140708
17,10.368751
18,9.041117
19,10.87845
20,9.950074
21,9.815138
22,9.31907
23,11.222541
24,9.845471
25,9.571672
26,9.647866
27,10.532309
28,10.365444
29,10.412733
30,10.430821
