id,value
1,10.651071
2,2.121279
3,18.183988
4,22.843752
5,0.710887
6,1.548652
7,8.61417
8,5.055662
9,7.241574
10,2.654742
11,21.227077
12,18.790479
13,7.998363
14,28.579493
15,12.948905
16,2.63491
17,11.50177
18,2.338105
19,21.202951
20,6.95937
21,5.918986
22,3.263775
23,32.042066
24,6.138403
25,4.419412
26,4.842542
27,13.995992
28,11.456221
29,12.125118
30,12.391183
